Timestamp,House
10/12/2020 15:52,Slytherin
11/12/2020 15:52,Slytherin
12/12/2020 15:52,Slytherin
10/12/2020 15:52,Gryffindor
11/12/2020 15:52,Gryffindor
12/12/2020 15:52,Gryffindor
13/12/2020 15:52,Gryffindor
14/12/2020 15:52,Gryffindor
10/13/2021 16:00:10,Hufflepuff
10/13/2021 16:00:07,Ravenclaw
10/12/2020 15:52,Slytherin
11/12/2020 15:52,Slytherin
10/12/2020 15:52,Gryffindor
11/12/2020 15:52,Gryffindor
12/12/2020 15:52,Gryffindor
13/12/2020 15:52,Gryffindor
14/12/2020 15:52,Gryffindor
15/12/2020 15:52,Gryffindor
16/12/2020 15:52,Gryffindor
17/12/2020 15:52,Gryffindor
18/12/2020 15:52,Gryffindor
10/13/2021 16:00:10,Hufflepuff